quarter,inflation,unemployment,inflation_lag
1960Q1,1.5188,5.1333,1.5188
1960Q2,1.7176,5.2333,1.5188
1960Q3,1.2308,5.5333,1.7176
1960Q4,1.3601,6.2667,1.2308
1961Q1,1.4621,6.8000,1.3601
1961Q2,0.7768,7.0000,1.4621
1961Q3,1.2496,6.7667,0.7768
1961Q4,0.6709,6.2000,1.2496
1962Q1,1.1059,5.6333,0.6709
1962Q2,1.2399,5.5333,1.1059
1962Q3,1.4676,5.5667,1.2399
1962Q4,1.2329,5.5333,1.4676
1963Q1,1.1269,5.7667,1.2329
1963Q2,1.3241,5.7333,1.1269
1963Q3,0.9862,5.5000,1.3241
1963Q4,1.6458,5.5667,0.9862
1964Q1,1.4094,5.4667,1.6458
1964Q2,1.3068,5.2000,1.4094
1964Q3,1.1719,5.0000,1.3068
1964Q4,1.1982,4.9667,1.1719
1965Q1,1.1959,4.9000,1.1982
1965Q2,1.9349,4.6667,1.1959
1965Q3,1.7375,4.3667,1.9349
1965Q4,1.9200,4.1000,1.7375
1966Q1,2.7787,3.8667,1.9200
1966Q2,2.4359,3.8333,2.7787
1966Q3,3.5737,3.7667,2.4359
1966Q4,3.3595,3.7000,3.5737
1967Q1,2.5482,3.8333,3.3595
1967Q2,2.8413,3.8333,2.5482
1967Q3,2.5954,3.8000,2.8413
1967Q4,3.2807,3.9000,2.5954
1968Q1,3.9394,3.7333,3.2807
1968Q2,4.2042,3.5667,3.9394
1968Q3,4.4643,3.5333,4.2042
1968Q4,4.7059,3.4000,4.4643
1969Q1,5.2478,3.4000,4.7059
1969Q2,5.4755,3.4333,5.2478
1969Q3,5.6980,3.5667,5.4755
1969Q4,5.8989,3.5667,5.6980
1970Q1,6.0942,4.1667,5.8989
1970Q2,6.0109,4.7667,6.0942
1970Q3,5.6604,5.1667,6.0109
1970Q4,5.5703,5.8333,5.6604
1971Q1,4.4386,5.9333,5.5703
1971Q2,4.3814,5.9000,4.4386
1971Q3,4.0816,6.0333,4.3814
1971Q4,3.2663,5.9333,4.0816
1972Q1,3.5000,5.7667,3.2663
1972Q2,2.9630,5.7000,3.5000
1972Q3,3.1863,5.5667,2.9630
1972Q4,3.4063,5.3667,3.1863
1973Q1,4.8309,4.9333,3.4063
1973Q2,5.9952,4.9333,4.8309
1973Q3,7.3634,4.8000,5.9952
1973Q4,8.9412,4.7667,7.3634
1974Q1,10.1382,5.1333,8.9412
1974Q2,10.8597,5.2000,10.1382
1974Q3,11.9469,5.6333,10.8597
1974Q4,12.0950,6.6000,11.9469
1975Q1,10.4603,8.2667,12.0950
1975Q2,9.1837,8.8667,10.4603
1975Q3,7.9051,8.4667,9.1837
1975Q4,7.1291,8.3000,7.9051
1976Q1,6.0606,7.7333,7.1291
1976Q2,5.9813,7.5667,6.0606
1976Q3,5.4945,7.7333,5.9813
1976Q4,5.0360,7.7667,5.4945
1977Q1,6.4286,7.5000,5.0360
1977Q2,6.7019,7.1333,6.4286
1977Q3,6.4236,6.9000,6.7019
1977Q4,6.6781,6.6667,6.4236
1978Q1,6.3758,6.3333,6.6781
1978Q2,7.4380,6.0000,6.3758
1978Q3,8.4829,6.0333,7.4380
1978Q4,8.9888,5.9000,8.4829
1979Q1,10.2524,5.8667,8.9888
1979Q2,11.0769,5.7000,10.2524
1979Q3,11.8797,5.8667,11.0769
1979Q4,13.2548,5.9667,11.8797
1980Q1,14.5923,6.3000,13.2548
1980Q2,14.2659,7.3333,14.5923
1980Q3,12.7688,7.6667,14.2659
1980Q4,12.3537,7.4000,12.7688
1981Q1,10.6117,7.4333,12.3537
1981Q2,9.6970,7.4000,10.6117
1981Q3,10.9654,7.4000,9.6970
1981Q4,8.9120,8.2333,10.9654
1982Q1,6.8849,8.8333,8.9120
1982Q2,7.1823,9.4333,6.8849
1982Q3,4.9409,9.9000,7.1823
1982Q4,3.8257,10.6667,4.9409
1983Q1,3.5903,10.3667,3.8257
1983Q2,2.4742,10.1333,3.5903
1983Q3,2.7636,9.3667,2.4742
1983Q4,3.7871,8.5333,2.7636
1984Q1,4.8930,7.8667,3.7871
1984Q2,4.3260,7.4333,4.8930
1984Q3,4.2829,7.4333,4.3260
1984Q4,4.0434,7.3000,4.2829
1985Q1,3.7901,7.2333,4.0434
1985Q2,3.6644,7.3000,3.7901
1985Q3,3.2474,7.2000,3.6644
1985Q4,3.7915,7.0333,3.2474
1986Q1,2.1536,7.0333,3.7915
1986Q2,1.7674,7.1667,2.1536
1986Q3,1.7576,6.9667,1.7674
1986Q4,1.1872,6.8333,1.7576
1987Q1,2.8414,6.6000,1.1872
1987Q2,3.7477,6.2667,2.8414
1987Q3,4.2727,6.0000,3.7477
1987Q4,4.3321,5.8333,4.2727
1988Q1,3.8324,5.7000,4.3321
1988Q2,3.9648,5.4667,3.8324
1988Q3,4.1848,5.4667,3.9648
1988Q4,4.4118,5.3333,4.1848
1989Q1,4.8927,5.2000,4.4118
1989Q2,5.1695,5.2333,4.8927
1989Q3,4.4351,5.2333,5.1695
1989Q4,4.6396,5.3667,4.4351
1990Q1,5.2373,5.3000,4.6396
1990Q2,4.6737,5.3333,5.2373
1990Q3,6.1699,5.7000,4.6737
1990Q4,6.2549,6.1333,6.1699
1991Q1,4.8212,6.6000,6.2549
1991Q2,4.6959,6.8333,4.8212
1991Q3,3.3962,6.8667,4.6959
1991Q4,2.9806,7.1000,3.3962
1992Q1,3.1899,7.3667,2.9806
1992Q2,3.0147,7.6000,3.1899
1992Q3,2.9927,7.6333,3.0147
1992Q4,2.9667,7.3667,2.9927
1993Q1,3.0194,7.1333,2.9667
1993Q2,2.9979,7.0667,3.0194
1993Q3,2.7640,6.8000,2.9979
1993Q4,2.8110,6.6333,2.7640
1994Q1,2.6518,6.5667,2.8110
1994Q2,2.4948,6.2000,2.6518
1994Q3,2.9655,6.0000,2.4948
1994Q4,2.5974,5.6333,2.9655
1995Q1,2.7872,5.4667,2.5974
1995Q2,3.0426,5.6667,2.7872
1995Q3,2.5452,5.6667,3.0426
1995Q4,2.5316,5.5667,2.5452
1996Q1,2.8439,5.5333,2.5316
1996Q2,2.8215,5.5000,2.8439
1996Q3,3.0046,5.2667,2.8215
1996Q4,3.3788,5.3333,3.0046
1997Q1,2.7653,5.2333,3.3788
1997Q2,2.2336,5.0000,2.7653
1997Q3,2.2194,4.8667,2.2336
1997Q4,1.6970,4.6667,2.2194
1998Q1,1.3767,4.6333,1.6970
1998Q2,1.6230,4.4000,1.3767
1998Q3,1.4268,4.5333,1.6230
1998Q4,1.6069,4.4333,1.4268
1999Q1,1.7284,4.3000,1.6069
1999Q2,1.9656,4.2667,1.7284
1999Q3,2.6300,4.2333,1.9656
1999Q4,2.6764,4.0667,2.6300
2000Q1,3.7621,4.0333,2.6764
2000Q2,3.7349,3.9333,3.7621
2000Q3,3.4565,4.0000,3.7349
2000Q4,3.4360,3.9000,3.4565
2001Q1,2.9825,4.2333,3.4360
2001Q2,3.1940,4.4000,2.9825
2001Q3,2.5922,4.8333,3.1940
2001Q4,1.6037,5.5000,2.5922
2002Q1,1.3629,5.7000,1.6037
2002Q2,1.0692,5.8333,1.3629
2002Q3,1.5160,5.7333,1.0692
2002Q4,2.4803,5.8667,1.5160
2003Q1,3.0252,5.8667,2.4803
2003Q2,1.9488,6.1333,3.0252
2003Q3,2.3783,6.1333,1.9488
2003Q4,2.0352,5.8333,2.3783
2004Q1,1.7401,5.7000,2.0352
2004Q2,3.1677,5.6000,1.7401
2004Q3,2.5392,5.4333,3.1677
2004Q4,3.3423,5.4333,2.5392
2005Q1,3.2068,5.3000,3.3423
2005Q2,2.5410,5.1000,3.2068
2005Q3,4.7418,4.9667,2.5410
2005Q4,3.3385,4.9667,4.7418
2006Q1,3.4179,4.7333,3.3385
2006Q2,4.1817,4.6333,3.4179
2006Q3,2.0121,4.6333,4.1817
2006Q4,2.5240,4.4333,2.0121
2007Q1,2.7982,4.5000,2.5240
2007Q2,2.6928,4.5000,2.7982
2007Q3,2.8338,4.6667,2.6928
2007Q4,4.1088,4.8000,2.8338
2008Q1,3.9749,5.0000,4.1088
2008Q2,4.9360,5.3333,3.9749
2008Q3,4.9533,6.0000,4.9360
2008Q4,-0.0222,6.8667,4.9533
2009Q1,-0.4465,8.2667,-0.0222
2009Q2,-1.2292,9.3000,-0.4465
2009Q3,-1.3779,9.6333,-1.2292
2009Q4,2.8141,9.9333,-1.3779
2010Q1,2.2862,9.8333,2.8141
2010Q2,1.1216,9.6333,2.2862
2010Q3,1.1183,9.4667,1.1216
2010Q4,1.4378,9.5000,1.1183
2011Q1,2.6192,9.0333,1.4378
2011Q2,3.5023,9.0667,2.6192
2011Q3,3.8126,9.0000,3.5023
2011Q4,3.0621,8.6333,3.8126
2012Q1,2.5829,8.2667,3.0621
2012Q2,1.6539,8.2000,2.5829
2012Q3,1.9497,8.0333,1.6539
2012Q4,1.7595,7.8000,1.9497
2013Q1,1.5187,7.7333,1.7595
2013Q2,1.7158,7.5333,1.5187
2013Q3,1.0947,7.2333,1.7158
2013Q4,1.5128,6.9333,1.0947
2014Q1,1.6127,6.6667,1.5128
2014Q2,2.0590,6.2000,1.6127
2014Q3,1.6841,6.0667,2.0590
2014Q4,0.6531,5.7000,1.6841
2015Q1,-0.0220,5.5333,0.6531
2015Q2,0.1796,5.4333,-0.0220
2015Q3,0.0088,5.1000,0.1796
2015Q4,0.6387,5.0333,0.0088
2016Q1,0.8916,4.9000,0.6387
2016Q2,1.0793,4.9333,0.8916
2016Q3,1.5486,4.9000,1.0793
2016Q4,2.0508,4.7667,1.5486
2017Q1,2.4412,4.5667,2.0508
2017Q2,1.6406,4.3667,2.4412
2017Q3,2.1806,4.3333,1.6406
2017Q4,2.1299,4.1667,2.1806
2018Q1,2.3309,4.0333,2.1299
2018Q2,2.8076,3.9333,2.3309
2018Q3,2.3321,3.7667,2.8076
2018Q4,2.0024,3.8333,2.3321
2019Q1,1.8832,3.8667,2.0024
2019Q2,1.6712,3.6333,1.8832
2019Q3,1.6845,3.6000,1.6712
2019Q4,2.3195,3.6000,1.6845
2020Q1,1.4940,3.8333,2.3195
2020Q2,0.7167,13.0000,1.4940
2020Q3,1.3910,8.8000,0.7167
2020Q4,1.3204,6.7667,1.3910
2021Q1,2.6678,6.2333,1.3204
2021Q2,5.2956,5.9333,2.6678
2021Q3,5.3512,5.0667,5.2956
2021Q4,7.1743,4.1667,5.3512
2022Q1,8.5722,3.8667,7.1743
2022Q2,8.9794,3.6333,8.5722
2022Q3,8.1921,3.5333,8.9794
2022Q4,6.4046,3.5667,8.1921
2023Q1,4.9177,3.5333,6.4046
2023Q2,3.0706,3.5333,4.9177
2023Q3,3.6872,3.6333,3.0706
2023Q4,3.3159,3.8000,3.6872
2024Q1,3.4868,3.8333,3.3159
2024Q2,2.9703,3.9667,3.4868
2024Q3,2.4265,4.1667,2.9703
2024Q4,2.8707,4.1333,2.4265
2025Q1,2.3820,4.1333,2.8707
2025Q2,2.6805,4.2000,2.3820
2025Q3,3.0226,4.3333,2.6805
2025Q4,2.6533,4.4500,3.0226
2026Q1,3.2860,4.3333,2.6533
2026Q2,3.4635,4.2667,3.2860
2026Q3,2.6424,4.1000,3.4635
